<?xml version = '1.0' encoding = 'UTF-8'?>
<Relation class="oracle.dbtools.crest.model.design.logical.Relation" name="FK_MC_PRODUTO_VISUALIZACAO" directorySegmentName="seg_0" id="2E2F0889-9B6C-1806-83B2-7255C6E534B3">
<createdBy>Gustavo Padlipskas</createdBy>
<createdTime>2023-03-06 18:25:11 UTC</createdTime>
<generatorID>3CF553E8-6881-FC42-A7AF-C478EB8036DA</generatorID>
<ownerDesignName>SGV_Melhores_Compras</ownerDesignName>
<engineerTo>
<item key="D3EA570C-CF09-A95D-0250-B56D1592D2C8" value="true"/>
</engineerTo>
<useSurrogateKey>true</useSurrogateKey>
<identifying>false</identifying>
<optionalSource>true</optionalSource>
<optionalTarget>false</optionalTarget>
<sourceCardinality>1</sourceCardinality>
<sourceEntity>9AE92F42-B513-68A0-1455-E8B6BBD09616</sourceEntity>
<targetCardinalityString>*</targetCardinalityString>
<targetEntity>EE541389-5B0C-C62E-AF88-47CAF7CD9283</targetEntity>
<transferable>true</transferable>
<deleteRule>NO ACTION</deleteRule>
</Relation>