<?xml version = '1.0' encoding = 'UTF-8'?>
<Relation class="oracle.dbtools.crest.model.design.logical.Relation" name="FK_MC_CLIENTE_END" directorySegmentName="seg_0" id="31C13F27-B3AE-DFA6-D8FE-C2E2EC878B1F">
<createdBy>Gustavo Padlipskas</createdBy>
<createdTime>2023-03-06 18:25:11 UTC</createdTime>
<generatorID>944D3744-4BD5-17E8-F411-8B4FB1E58012</generatorID>
<ownerDesignName>SGV_Melhores_Compras</ownerDesignName>
<engineerTo>
<item key="D3EA570C-CF09-A95D-0250-B56D1592D2C8" value="true"/>
</engineerTo>
<useSurrogateKey>true</useSurrogateKey>
<identifying>true</identifying>
<optionalSource>true</optionalSource>
<optionalTarget>false</optionalTarget>
<sourceCardinality>1</sourceCardinality>
<sourceEntity>ACB5A015-6E5D-966C-CBD4-8AE24BD09B87</sourceEntity>
<targetCardinalityString>*</targetCardinalityString>
<targetEntity>D90FF9C8-BC2F-2018-4A9E-733CF8440F07</targetEntity>
<transferable>true</transferable>
</Relation>