<?xml version = '1.0' encoding = 'UTF-8'?>
<Relation class="oracle.dbtools.crest.model.design.logical.Relation" name="FK_MC_CLIENTE_JURIDICA" directorySegmentName="seg_0" id="32BE8F36-E587-2853-567F-B647019BDEFA">
<createdBy>Gustavo Padlipskas</createdBy>
<createdTime>2023-03-06 18:25:11 UTC</createdTime>
<generatorID>32004F6C-A7F9-B126-0177-8629B6EA5426</generatorID>
<ownerDesignName>SGV_Melhores_Compras</ownerDesignName>
<engineerTo>
<item key="D3EA570C-CF09-A95D-0250-B56D1592D2C8" value="true"/>
</engineerTo>
<useSurrogateKey>true</useSurrogateKey>
<arc>D55644D1-695E-99A0-2AF4-F1364F04B3CD</arc>
<dominantRole>ACB5A015-6E5D-966C-CBD4-8AE24BD09B87</dominantRole>
<identifying>true</identifying>
<optionalSource>true</optionalSource>
<optionalTarget>false</optionalTarget>
<sourceCardinality>1</sourceCardinality>
<sourceEntity>ACB5A015-6E5D-966C-CBD4-8AE24BD09B87</sourceEntity>
<targetCardinalityString>1</targetCardinalityString>
<targetEntity>2A35A4B4-21C2-10BD-61F2-BF1950066F24</targetEntity>
<transferable>true</transferable>
</Relation>