<?xml version = '1.0' encoding = 'UTF-8'?>
<Table class="oracle.dbtools.crest.model.design.relational.Table" directorySegmentName="seg_0" id="300518BA-B29B-2267-E52F-40C906C3EA23" name="MC_END_FUNC">
<createdBy>salviop</createdBy>
<createdTime>2013-06-21 11:12:06 UTC</createdTime>
<ownerDesignName>SGV_Melhores_Compras</ownerDesignName>
<ordsAlias>kd_end_func</ordsAlias>
<parsed>true</parsed>
<columns itemClass="oracle.dbtools.crest.model.design.relational.Column">
<Column name="CD_FUNCIONARIO" id="0151727B-D159-4689-7F58-0C4B5DA8A732">
<createdBy>salviop</createdBy>
<createdTime>2013-06-21 11:36:16 UTC</createdTime>
<ownerDesignName>SGV_Melhores_Compras</ownerDesignName>
<useDomainConstraints>false</useDomainConstraints>
<use>1</use>
<logicalDatatype>LOGDT019</logicalDatatype>
<dataTypePrecision>10</dataTypePrecision>
<ownDataTypeParameters>,,</ownDataTypeParameters>
<previousColumn>false</previousColumn>
<associations>
<colAssociation fkAssociation="D012DCC6-B96A-1E96-CD06-593609E2A4EC" referredColumn="3DA8680F-5172-3456-F7D5-262850D25EFC"/>
</associations>
</Column>
<Column name="CD_LOGRADOURO" id="8BB78B70-8F75-D589-6AE7-28248465F89C">
<createdBy>salviop</createdBy>
<createdTime>2013-06-21 11:36:23 UTC</createdTime>
<ownerDesignName>SGV_Melhores_Compras</ownerDesignName>
<useDomainConstraints>false</useDomainConstraints>
<use>1</use>
<logicalDatatype>LOGDT019</logicalDatatype>
<dataTypePrecision>10</dataTypePrecision>
<ownDataTypeParameters>,,</ownDataTypeParameters>
<previousColumn>false</previousColumn>
<associations>
<colAssociation fkAssociation="A8A8FA47-ED52-AE64-2F90-61813EC9F105" referredColumn="51EAD6C8-13E9-822F-A496-BA3F45BB445A"/>
</associations>
</Column>
<Column name="NR_END" id="3B90E30E-1377-73E4-3A38-A1DB8AA0FE82">
<createdBy>salviop</createdBy>
<createdTime>2013-06-21 11:12:06 UTC</createdTime>
<comment><![CDATA[Número do Endereço do Cliente. O número da Rua/Localidade onde o cliente está associado.]]></comment>
<commentInRDBMS><![CDATA[Número do Endereço do Cliente. O número da Rua/Localidade onde o cliente está associado.]]></commentInRDBMS>
<ownerDesignName>SGV_Melhores_Compras</ownerDesignName>
<useDomainConstraints>false</useDomainConstraints>
<use>1</use>
<logicalDatatype>LOGDT019</logicalDatatype>
<dataTypePrecision>8</dataTypePrecision>
<ownDataTypeParameters>,8,</ownDataTypeParameters>
</Column>
<Column name="DS_COMPLEMENTO_END" id="7A4DE8B4-C38E-5F02-022F-1B8C0CC3C972">
<createdBy>salviop</createdBy>
<createdTime>2013-06-21 11:12:06 UTC</createdTime>
<comment><![CDATA[Logradouro do Cliente.]]></comment>
<ownerDesignName>SGV_Melhores_Compras</ownerDesignName>
<nullsAllowed>true</nullsAllowed>
<useDomainConstraints>false</useDomainConstraints>
<use>1</use>
<logicalDatatype>LOGDT024</logicalDatatype>
<dataTypeSize>80</dataTypeSize>
<ownDataTypeParameters>80,,</ownDataTypeParameters>
</Column>
<Column name="DT_INICIO" id="BC8CF6C5-8451-7F3A-41AE-D8C09FC60705">
<createdBy>salviop</createdBy>
<createdTime>2013-06-21 11:12:06 UTC</createdTime>
<comment><![CDATA[Data de início do endereço associado ao cliente.]]></comment>
<commentInRDBMS><![CDATA[Data de início do endereço associado ao cliente.]]></commentInRDBMS>
<ownerDesignName>SGV_Melhores_Compras</ownerDesignName>
<useDomainConstraints>false</useDomainConstraints>
<use>1</use>
<logicalDatatype>LOGDT007</logicalDatatype>
<ownDataTypeParameters>,,</ownDataTypeParameters>
</Column>
<Column name="DT_TERMINO" id="A33A96FF-8500-434C-BA86-22468A20EC56">
<createdBy>salviop</createdBy>
<createdTime>2013-06-21 11:12:06 UTC</createdTime>
<comment><![CDATA[Data de término do endereço associado ao cliente.]]></comment>
<commentInRDBMS><![CDATA[Data de término do endereço associado ao cliente.]]></commentInRDBMS>
<ownerDesignName>SGV_Melhores_Compras</ownerDesignName>
<nullsAllowed>true</nullsAllowed>
<useDomainConstraints>false</useDomainConstraints>
<use>1</use>
<logicalDatatype>LOGDT007</logicalDatatype>
<ownDataTypeParameters>,,</ownDataTypeParameters>
</Column>
<Column name="ST_END" id="2AEDAAEF-ED68-A233-D5F1-88880B167395">
<createdBy>salviop</createdBy>
<createdTime>2013-06-21 11:12:06 UTC</createdTime>
<comment><![CDATA[Status do endereço. (A)itvo ou (I)nativo.]]></comment>
<ownerDesignName>SGV_Melhores_Compras</ownerDesignName>
<useDomainConstraints>false</useDomainConstraints>
<use>1</use>
<logicalDatatype>LOGDT025</logicalDatatype>
<dataTypeSize>1</dataTypeSize>
<ownDataTypeParameters>1,,</ownDataTypeParameters>
</Column>
</columns>
<indexes itemClass="oracle.dbtools.crest.model.design.relational.Index">
<ind_PK_UK id="5FE8FD3F-E0FD-7998-34D0-2F55F2BA0444" name="PK_MC_END_FUNC_PK">
<createdBy>salviop</createdBy>
<createdTime>2013-06-21 11:12:06 UTC</createdTime>
<ownerDesignName>SGV_Melhores_Compras</ownerDesignName>
<pk>true</pk>
<indexState>Primary Constraint</indexState>
<indexColumnUsage>
<colUsage columnID="0151727B-D159-4689-7F58-0C4B5DA8A732"/>
<colUsage columnID="8BB78B70-8F75-D589-6AE7-28248465F89C"/>
</indexColumnUsage>
</ind_PK_UK>
<ind_PK_UK id="B5CDFD36-0C3C-FF38-D54E-D7D94B185B6E" name="FK_MC_END_FUNC">
<createdBy>salviop</createdBy>
<createdTime>2013-06-21 11:36:16 UTC</createdTime>
<ownerDesignName>SGV_Melhores_Compras</ownerDesignName>
<indexState>Foreign Key</indexState>
<indexColumnUsage>
<colUsage columnID="0151727B-D159-4689-7F58-0C4B5DA8A732"/>
</indexColumnUsage>
</ind_PK_UK>
<ind_PK_UK id="4EC79B77-64F4-B8E5-4E4C-8290BE16FEA0" name="FK_MC_END_FUNC_LOGRADOURO">
<createdBy>salviop</createdBy>
<createdTime>2013-06-21 11:36:23 UTC</createdTime>
<ownerDesignName>SGV_Melhores_Compras</ownerDesignName>
<indexState>Foreign Key</indexState>
<indexColumnUsage>
<colUsage columnID="8BB78B70-8F75-D589-6AE7-28248465F89C"/>
</indexColumnUsage>
</ind_PK_UK>
</indexes>
</Table>