<?xml version = '1.0' encoding = 'UTF-8'?>
<Table class="oracle.dbtools.crest.model.design.relational.Table" directorySegmentName="seg_0" id="F56410BD-5D00-30FD-AE2A-449C52BFDAFF" name="MC_CATEGORIA_PROD">
<createdBy>Gustavo Padlipskas</createdBy>
<createdTime>2021-10-08 16:43:49 UTC</createdTime>
<ownerDesignName>SGV_Melhores_Compras</ownerDesignName>
<ordsAlias>kd_cli_fisica</ordsAlias>
<allowColumnReorder>false</allowColumnReorder>
<parsed>true</parsed>
<columns itemClass="oracle.dbtools.crest.model.design.relational.Column">
<Column name="CD_CATEGORIA" id="6FE4DFF9-F6D8-9A94-47FB-72B7C42C199F">
<createdBy>Gustavo Padlipskas</createdBy>
<createdTime>2021-10-08 16:43:49 UTC</createdTime>
<comment><![CDATA[Essa coluna irá armazenar a chave primária da tabela de categoria de produtos da Melhorees Compras. Cada categoria nova cadastrada  será acionada a Sequence  SQ_MC_CATEGORIA que se encarregará de gerar o próximo número único da categoria..]]></comment>
<commentInRDBMS><![CDATA[Essa coluna irá armazenar a chave primária da tabela de categoria de produtos da Melhorees Compras. Cada categoria nova cadastrada  será acionada a Sequence  SQ_MC_CATEGORIA que se encarregará de gerar o próximo número único da categoria..]]></commentInRDBMS>
<ownerDesignName>SGV_Melhores_Compras</ownerDesignName>
<useDomainConstraints>false</useDomainConstraints>
<use>1</use>
<logicalDatatype>LOGDT019</logicalDatatype>
<ownDataTypeParameters>,,</ownDataTypeParameters>
<previousColumn>false</previousColumn>
</Column>
<Column name="TP_CATEGORIA" id="87776562-5586-D266-ABF4-817868D12ACD">
<createdBy>Gustavo Padlipskas</createdBy>
<createdTime>2021-12-20 17:10:46 UTC</createdTime>
<comment><![CDATA[Nessa  coluna  será  armazenada o tipo de categoria que poderá  ser (V)ídeo ou (P)rodudto. Seu conteúdo deve ser obrigatório.]]></comment>
<commentInRDBMS><![CDATA[Nessa  coluna  será  armazenada o tipo de categoria que poderá  ser (V)ídeo ou (P)rodudto. Seu conteúdo deve ser obrigatório.]]></commentInRDBMS>
<ownerDesignName>SGV_Melhores_Compras</ownerDesignName>
<useDomainConstraints>false</useDomainConstraints>
<use>1</use>
<logicalDatatype>LOGDT025</logicalDatatype>
<dataTypeSize>1</dataTypeSize>
<ownDataTypeParameters>1,,</ownDataTypeParameters>
<autoIncrementCycle>false</autoIncrementCycle>
</Column>
<Column name="DS_CATEGORIA" id="547AFB54-22C4-DF80-6C82-485F47103D48">
<createdBy>Gustavo Padlipskas</createdBy>
<createdTime>2021-10-08 16:43:49 UTC</createdTime>
<comment><![CDATA[Essa coluna irá armazenar descrição da categoria de produtos da Melhorees Compras. Cada categoria tem uma  descrição única e serve para organizar os produtos em categorias simliares, melhorando a tomada de decisão.]]></comment>
<commentInRDBMS><![CDATA[Essa coluna irá armazenar descrição da categoria de produtos da Melhorees Compras. Cada categoria tem uma  descrição única e serve para organizar os produtos em categorias simliares, melhorando a tomada de decisão.]]></commentInRDBMS>
<ownerDesignName>SGV_Melhores_Compras</ownerDesignName>
<useDomainConstraints>false</useDomainConstraints>
<use>1</use>
<logicalDatatype>LOGDT024</logicalDatatype>
<dataTypeSize>500</dataTypeSize>
<ownDataTypeParameters>500,,</ownDataTypeParameters>
</Column>
<Column name="DT_INICIO" id="89054EA5-6E14-7BD6-FBF1-CB9ECD4888CB">
<createdBy>Gustavo Padlipskas</createdBy>
<createdTime>2021-12-20 13:36:15 UTC</createdTime>
<comment><![CDATA[Essa coluna irá receber  a data de início da categoria. Seu formato é dd/mm/yyyy e seu conteúdo deve ser sempre  obrigatório.]]></comment>
<commentInRDBMS><![CDATA[Essa coluna irá receber  a data de início da categoria. Seu formato é dd/mm/yyyy e seu conteúdo deve ser sempre  obrigatório.]]></commentInRDBMS>
<ownerDesignName>SGV_Melhores_Compras</ownerDesignName>
<nullsAllowed>true</nullsAllowed>
<useDomainConstraints>false</useDomainConstraints>
<use>1</use>
<logicalDatatype>LOGDT007</logicalDatatype>
<ownDataTypeParameters>,,</ownDataTypeParameters>
<autoIncrementCycle>false</autoIncrementCycle>
</Column>
<Column name="DT_TERMINO" id="D71E4F87-E2C1-FA24-BC55-E54008AD1CC7">
<createdBy>Gustavo Padlipskas</createdBy>
<createdTime>2021-12-20 13:37:43 UTC</createdTime>
<comment><![CDATA[Essa coluna irá receber  a data de encerramento  da categoria. Seu formato é dd/mm/yyyy e seu conteúdo deve ser sempre  opcional. Conteúdo obrigatório significa que a categoria foi encerrada a partir da data término. Já o conteúdo opcional indica que a categoria está ativa e operante.]]></comment>
<commentInRDBMS><![CDATA[Essa coluna irá receber  a data de encerramento  da categoria. Seu formato é dd/mm/yyyy e seu conteúdo deve ser sempre  opcional. Conteúdo obrigatório significa que a categoria foi encerrada a partir da data término. Já o conteúdo opcional indica que a categoria está ativa e operante.]]></commentInRDBMS>
<ownerDesignName>SGV_Melhores_Compras</ownerDesignName>
<nullsAllowed>true</nullsAllowed>
<useDomainConstraints>false</useDomainConstraints>
<use>1</use>
<logicalDatatype>LOGDT007</logicalDatatype>
<ownDataTypeParameters>,,</ownDataTypeParameters>
<autoIncrementCycle>false</autoIncrementCycle>
</Column>
<Column name="ST_CATEGORIA" id="E7C378CD-D483-00E3-B0BC-8943897DED10">
<createdBy>Gustavo Padlipskas</createdBy>
<createdTime>2021-10-08 16:43:49 UTC</createdTime>
<comment><![CDATA[Essa coluna irá armazenar o stauts da categoria da Melhorees Compras. Os valores permitidos aqui são: A(tivo) e I(nativo).]]></comment>
<commentInRDBMS><![CDATA[Essa coluna irá armazenar o stauts da categoria da Melhorees Compras. Os valores permitidos aqui são: A(tivo) e I(nativo).]]></commentInRDBMS>
<ownerDesignName>SGV_Melhores_Compras</ownerDesignName>
<useDomainConstraints>false</useDomainConstraints>
<use>1</use>
<logicalDatatype>LOGDT025</logicalDatatype>
<dataTypeSize>1</dataTypeSize>
<ownDataTypeParameters>1,,</ownDataTypeParameters>
</Column>
</columns>
<indexes itemClass="oracle.dbtools.crest.model.design.relational.Index">
<ind_PK_UK id="98187F79-33B0-C605-C10A-8CF718A89D87" name="PK_MC_CATEGORIA">
<createdBy>Gustavo Padlipskas</createdBy>
<createdTime>2021-10-08 16:43:49 UTC</createdTime>
<ownerDesignName>SGV_Melhores_Compras</ownerDesignName>
<pk>true</pk>
<indexState>Primary Constraint</indexState>
<indexColumnUsage>
<colUsage columnID="6FE4DFF9-F6D8-9A94-47FB-72B7C42C199F"/>
</indexColumnUsage>
</ind_PK_UK>
</indexes>
</Table>