<?xml version = '1.0' encoding = 'UTF-8'?>
<FKIndexAssociation class="oracle.dbtools.crest.model.design.relational.FKIndexAssociation" directorySegmentName="seg_0" id="3CF553E8-6881-FC42-A7AF-C478EB8036DA" containerWithKeyObject="28F64B05-779D-029A-71EE-F134DD6C5D92" localFKIndex="7762E374-06E7-C109-4CFB-38302A21A3D4" name="FK_MC_PRODUTO_VISUALIZACAO">
<createdBy>Gustavo Padlipskas</createdBy>
<createdTime>2020-11-19 23:24:28 UTC</createdTime>
<ownerDesignName>SGV_Melhores_Compras</ownerDesignName>
<referredTableLongName>MC_PRODUTO</referredTableLongName>
<deleteRule>NO ACTION</deleteRule>
<referredTableID>0E48B727-90AE-BC11-870C-1DCFAEC8AE93</referredTableID>
<keyObject>52EFAA13-3165-1D99-3E70-55C523EC8674</keyObject>
<referredKeyID>52EFAA13-3165-1D99-3E70-55C523EC8674</referredKeyID>
<mandatory>true</mandatory>
<refColNames>CD_PRODUTO</refColNames>
<transferable>true</transferable>
<rely>false</rely>
<columnDependencyConstraintGenerateInDDL>true</columnDependencyConstraintGenerateInDDL>
</FKIndexAssociation>