<?xml version = '1.0' encoding = 'UTF-8'?>
<Entity class="oracle.dbtools.crest.model.design.logical.Entity" directorySegmentName="seg_0" id="4F9CACD3-DE27-5754-A573-91305FECBC52" name="MC SGV PRODUTO VIDEO">
<createdBy>Gustavo Padlipskas</createdBy>
<createdTime>2023-03-06 18:25:11 UTC</createdTime>
<generatorID>B2023A8F-0A1D-3820-7563-6F5C788B9A4B</generatorID>
<ownerDesignName>SGV_Melhores_Compras</ownerDesignName>
<engineerTo>
<item key="D3EA570C-CF09-A95D-0250-B56D1592D2C8" value="true"/>
</engineerTo>
<adequatelyNormalized>NO</adequatelyNormalized>
<expectedVolumes>0</expectedVolumes>
<fwdEngineeringStrategyName>Single Table</fwdEngineeringStrategyName>
<growthPercent>0</growthPercent>
<growthType>Year</growthType>
<maxVolumes>9999999</maxVolumes>
<minVolumes>0</minVolumes>
<normalForm>Third</normalForm>
<shortName>Tabela contendo informações sobre os vídeos dos produtos da Melhores Compras</shortName>
<attributes itemClass="oracle.dbtools.crest.model.design.logical.Attribute">
<Attribute name="CD PRODUTO" id="C4582B96-58A1-0C65-DAC8-B86BC6CB605B">
<createdBy>Gustavo Padlipskas</createdBy>
<createdTime>2023-03-06 18:25:11 UTC</createdTime>
<comment><![CDATA[Essa coluna irá armazenar a chave primária da tabela de produtos da Melhorees Compras. A cada produto cadastrado será acionada a Sequence  SQ_MC_PRODUTO que se encarregará de gerar o próximo número único do produto.]]></comment>
<commentInRDBMS><![CDATA[Essa coluna irá armazenar a chave primária da tabela de produtos da Melhorees Compras. A cada produto cadastrado será acionada a Sequence  SQ_MC_PRODUTO que se encarregará de gerar o próximo número único do produto.]]></commentInRDBMS>
<ownerDesignName>SGV_Melhores_Compras</ownerDesignName>
<engineerTo>
<item key="D3EA570C-CF09-A95D-0250-B56D1592D2C8" value="true"/>
</engineerTo>
<useDomainConstraints>false</useDomainConstraints>
<use>1</use>
<logicalDatatype>LOGDT019</logicalDatatype>
<ownDataTypeParameters>,,</ownDataTypeParameters>
</Attribute>
<Attribute name="NR SEQUENCIA" id="D7DA6F7C-9FB6-0E2C-9437-863E2FE69235">
<createdBy>Gustavo Padlipskas</createdBy>
<createdTime>2023-03-06 18:25:11 UTC</createdTime>
<comment><![CDATA[Essa coluna irá armazenar a sequencia do vídeo a partir do codigo do produto. Sempre o primeiro vídeo de determinado  produto deve iniciar com o número 1. Seu conteúdo é obrigatório.]]></comment>
<commentInRDBMS><![CDATA[Essa coluna irá armazenar a sequencia do vídeo a partir do codigo do produto. Sempre o primeiro vídeo de determinado  produto deve iniciar com o número 1. Seu conteúdo é obrigatório.]]></commentInRDBMS>
<generatorID>841F8E3A-5C2D-8E5E-D0D5-86B7F63BF8AE</generatorID>
<ownerDesignName>SGV_Melhores_Compras</ownerDesignName>
<engineerTo>
<item key="D3EA570C-CF09-A95D-0250-B56D1592D2C8" value="true"/>
</engineerTo>
<useDomainConstraints>false</useDomainConstraints>
<use>1</use>
<logicalDatatype>LOGDT019</logicalDatatype>
<dataTypePrecision>3</dataTypePrecision>
<ownDataTypeParameters>,3,</ownDataTypeParameters>
</Attribute>
<Attribute name="CD CATEGORIA" id="D76EBBCF-AD92-88B2-E558-586BD1FB394C">
<createdBy>Gustavo Padlipskas</createdBy>
<createdTime>2023-03-06 18:25:11 UTC</createdTime>
<comment><![CDATA[Essa coluna irá armazenar a chave primária da tabela de categoria de produtos da Melhorees Compras. Cada categoria nova cadastrada  será acionada a Sequence  SQ_MC_CATEGORIA que se encarregará de gerar o próximo número único da categoria..]]></comment>
<commentInRDBMS><![CDATA[Essa coluna irá armazenar a chave primária da tabela de categoria de produtos da Melhorees Compras. Cada categoria nova cadastrada  será acionada a Sequence  SQ_MC_CATEGORIA que se encarregará de gerar o próximo número único da categoria..]]></commentInRDBMS>
<ownerDesignName>SGV_Melhores_Compras</ownerDesignName>
<engineerTo>
<item key="D3EA570C-CF09-A95D-0250-B56D1592D2C8" value="true"/>
</engineerTo>
<useDomainConstraints>false</useDomainConstraints>
<use>1</use>
<logicalDatatype>LOGDT019</logicalDatatype>
<ownDataTypeParameters>,,</ownDataTypeParameters>
</Attribute>
<Attribute name="VD PRODUTO" id="2D5E7029-1810-E239-1962-98C3B8A607F1">
<createdBy>Gustavo Padlipskas</createdBy>
<createdTime>2023-03-06 18:25:11 UTC</createdTime>
<comment><![CDATA[Essa coluna irá armazenar oo vídeo do produto no formato que melhor lhe  convier.  Para utilizar essa coluna tenha acesso a documentação oficial da Oracle. Seu conteúdo é opcional.]]></comment>
<commentInRDBMS><![CDATA[Essa coluna irá armazenar oo vídeo do produto no formato que melhor lhe  convier.  Para utilizar essa coluna tenha acesso a documentação oficial da Oracle. Seu conteúdo é opcional.]]></commentInRDBMS>
<generatorID>7E9B5FE8-F95F-BBC5-5033-C404255A519D</generatorID>
<ownerDesignName>SGV_Melhores_Compras</ownerDesignName>
<engineerTo>
<item key="D3EA570C-CF09-A95D-0250-B56D1592D2C8" value="true"/>
</engineerTo>
<nullsAllowed>true</nullsAllowed>
<useDomainConstraints>false</useDomainConstraints>
<use>1</use>
<logicalDatatype>LOGDT029</logicalDatatype>
<ownDataTypeParameters>,,</ownDataTypeParameters>
</Attribute>
<Attribute name="TP VIDEO PROD" id="C481F3CF-CBFB-7792-6ADC-63EA2DBCEE36">
<createdBy>Gustavo Padlipskas</createdBy>
<createdTime>2023-03-06 18:25:11 UTC</createdTime>
<comment><![CDATA[Essa coluna irá armazenar o tipo do  vídeo do produto. Seu conteúdo é opcional.]]></comment>
<commentInRDBMS><![CDATA[Essa coluna irá armazenar o tipo do  vídeo do produto. Seu conteúdo é opcional.]]></commentInRDBMS>
<generatorID>68F27392-EC5D-014F-2F75-0F87D52C362C</generatorID>
<ownerDesignName>SGV_Melhores_Compras</ownerDesignName>
<engineerTo>
<item key="D3EA570C-CF09-A95D-0250-B56D1592D2C8" value="true"/>
</engineerTo>
<nullsAllowed>true</nullsAllowed>
<useDomainConstraints>false</useDomainConstraints>
<use>1</use>
<logicalDatatype>LOGDT024</logicalDatatype>
<dataTypeSize>10</dataTypeSize>
<ownDataTypeParameters>10,,</ownDataTypeParameters>
</Attribute>
<Attribute name="DS PATH VIDEO PROD" id="F6D24E2E-F1A3-439F-8A4E-4913DC8DEB4A">
<createdBy>Gustavo Padlipskas</createdBy>
<createdTime>2023-03-06 18:25:11 UTC</createdTime>
<comment><![CDATA[Essa coluna irá armazenar o caminho de acesso (link) contendo o  vídeo do produto. Seu conteúdo é opcional.]]></comment>
<commentInRDBMS><![CDATA[Essa coluna irá armazenar o caminho de acesso (link) contendo o  vídeo do produto. Seu conteúdo é opcional.]]></commentInRDBMS>
<generatorID>DD2A19E7-4C8A-406A-D42F-8A3E827266F8</generatorID>
<ownerDesignName>SGV_Melhores_Compras</ownerDesignName>
<engineerTo>
<item key="D3EA570C-CF09-A95D-0250-B56D1592D2C8" value="true"/>
</engineerTo>
<nullsAllowed>true</nullsAllowed>
<useDomainConstraints>false</useDomainConstraints>
<use>1</use>
<logicalDatatype>LOGDT024</logicalDatatype>
<dataTypeSize>500</dataTypeSize>
<ownDataTypeParameters>500,,</ownDataTypeParameters>
</Attribute>
<Attribute name="ST VIDEO PROD" id="859080CA-9B04-93A3-A733-2A3AE635BE81">
<createdBy>Gustavo Padlipskas</createdBy>
<createdTime>2023-03-06 18:25:11 UTC</createdTime>
<comment><![CDATA[Essa coluna irá armazenar o stauts do vídeo do produto da Melhorees Compras. Os valores permitidos aqui são: A(tivo) e I(nativo).]]></comment>
<commentInRDBMS><![CDATA[Essa coluna irá armazenar o stauts do vídeo do produto da Melhorees Compras. Os valores permitidos aqui são: A(tivo) e I(nativo).]]></commentInRDBMS>
<generatorID>75704233-C2A1-B23A-1A14-A42BC76B368D</generatorID>
<ownerDesignName>SGV_Melhores_Compras</ownerDesignName>
<engineerTo>
<item key="D3EA570C-CF09-A95D-0250-B56D1592D2C8" value="true"/>
</engineerTo>
<nullsAllowed>true</nullsAllowed>
<useDomainConstraints>false</useDomainConstraints>
<use>1</use>
<logicalDatatype>LOGDT025</logicalDatatype>
<dataTypeSize>1</dataTypeSize>
<ownDataTypeParameters>1,,</ownDataTypeParameters>
</Attribute>
</attributes>
<identifiers itemClass="oracle.dbtools.crest.model.design.logical.CandidateKey">
<identifier id="9E050284-171B-9DFB-F3B7-899C2FE2C380" name="MC SGV PRODUTO VIDEO PK">
<createdBy>Gustavo Padlipskas</createdBy>
<createdTime>2023-03-06 18:25:11 UTC</createdTime>
<ownerDesignName>SGV_Melhores_Compras</ownerDesignName>
<engineerTo>
<item key="D3EA570C-CF09-A95D-0250-B56D1592D2C8" value="true"/>
</engineerTo>
<pk>true</pk>
</identifier>
</identifiers>
</Entity>