<?xml version = '1.0' encoding = 'UTF-8'?>
<Entity class="oracle.dbtools.crest.model.design.logical.Entity" directorySegmentName="seg_0" id="B02DF527-9A1B-60E5-06E2-DA20860C6FAB" name="MC CLI FISICA">
<createdBy>Gustavo Padlipskas</createdBy>
<createdTime>2023-03-06 18:25:11 UTC</createdTime>
<generatorID>0B175B84-C9B8-5CA3-853D-8F8A4609A658</generatorID>
<ownerDesignName>SGV_Melhores_Compras</ownerDesignName>
<engineerTo>
<item key="D3EA570C-CF09-A95D-0250-B56D1592D2C8" value="true"/>
</engineerTo>
<adequatelyNormalized>NO</adequatelyNormalized>
<expectedVolumes>0</expectedVolumes>
<fwdEngineeringStrategyName>Single Table</fwdEngineeringStrategyName>
<growthPercent>0</growthPercent>
<growthType>Year</growthType>
<maxVolumes>9999999</maxVolumes>
<minVolumes>0</minVolumes>
<normalForm>Third</normalForm>
<attributes itemClass="oracle.dbtools.crest.model.design.logical.Attribute">
<Attribute name="NR CLIENTE" id="D632B114-F28A-3613-80D0-C904A9C4C1D8">
<createdBy>Gustavo Padlipskas</createdBy>
<createdTime>2023-03-06 18:25:11 UTC</createdTime>
<comment><![CDATA[Essa coluna irá armazenar o código único do cliente na plataforma ecommerce da Melhores Compras.Seu conteúdo deve ser obrigatório, único e preenhcido a  parrtir da tabela NC_CLIENTE. ]]></comment>
<commentInRDBMS><![CDATA[Essa coluna irá armazenar o código único do cliente na plataforma ecommerce da Melhores Compras.Seu conteúdo deve ser obrigatório, único e preenhcido a  parrtir da tabela NC_CLIENTE. ]]></commentInRDBMS>
<ownerDesignName>SGV_Melhores_Compras</ownerDesignName>
<engineerTo>
<item key="D3EA570C-CF09-A95D-0250-B56D1592D2C8" value="true"/>
</engineerTo>
<useDomainConstraints>false</useDomainConstraints>
<use>1</use>
<logicalDatatype>LOGDT019</logicalDatatype>
<ownDataTypeParameters>,,</ownDataTypeParameters>
</Attribute>
<Attribute name="DT NASCIMENTO" id="5D3328A7-D843-772F-7CE9-0E5370503A79">
<createdBy>Gustavo Padlipskas</createdBy>
<createdTime>2023-03-06 18:25:11 UTC</createdTime>
<comment><![CDATA[Essa coluna irá armazenar a data de nascimento do cliente na plataforma ecommerce da Melhores Compras.Seu conteúdo deve ser obrigatório. ]]></comment>
<commentInRDBMS><![CDATA[Essa coluna irá armazenar a data de nascimento do cliente na plataforma ecommerce da Melhores Compras.Seu conteúdo deve ser obrigatório. ]]></commentInRDBMS>
<generatorID>55CA6A8F-4C56-0C97-E5CD-2FA7E2DD7194</generatorID>
<ownerDesignName>SGV_Melhores_Compras</ownerDesignName>
<engineerTo>
<item key="D3EA570C-CF09-A95D-0250-B56D1592D2C8" value="true"/>
</engineerTo>
<useDomainConstraints>false</useDomainConstraints>
<use>1</use>
<logicalDatatype>LOGDT007</logicalDatatype>
<ownDataTypeParameters>,,</ownDataTypeParameters>
</Attribute>
<Attribute name="FL SEXO BIOLOGICO" id="BD8F848C-30D0-F8FF-73A7-8EF563097D99">
<createdBy>Gustavo Padlipskas</createdBy>
<createdTime>2023-03-06 18:25:11 UTC</createdTime>
<comment><![CDATA[Essa coluna irá armazenar o sexo biológico do cliente na plataforma ecommerce da Melhores Compras.Seu conteúdo deve ser obrigatório.]]></comment>
<commentInRDBMS><![CDATA[Essa coluna irá armazenar o sexo biológico do cliente na plataforma ecommerce da Melhores Compras.Seu conteúdo deve ser obrigatório.. ]]></commentInRDBMS>
<generatorID>C3A35F9B-60DB-6075-E05D-4ED183D0FC0E</generatorID>
<ownerDesignName>SGV_Melhores_Compras</ownerDesignName>
<engineerTo>
<item key="D3EA570C-CF09-A95D-0250-B56D1592D2C8" value="true"/>
</engineerTo>
<useDomainConstraints>false</useDomainConstraints>
<use>1</use>
<logicalDatatype>LOGDT025</logicalDatatype>
<dataTypeSize>1</dataTypeSize>
<ownDataTypeParameters>1,,</ownDataTypeParameters>
</Attribute>
<Attribute name="DS GENERO" id="F375B869-5504-BDDF-7664-648CFAA96BB8">
<createdBy>Gustavo Padlipskas</createdBy>
<createdTime>2023-03-06 18:25:11 UTC</createdTime>
<comment><![CDATA[Genero do sexo do Cliente. Seu conteúdo deve ser obrigatório.]]></comment>
<commentInRDBMS><![CDATA[Genero do sexo do Cliente. Seu conteúdo deve ser obrigatório.]]></commentInRDBMS>
<generatorID>A8B4F81F-141F-BFA9-90D4-35AA732DF0BC</generatorID>
<ownerDesignName>SGV_Melhores_Compras</ownerDesignName>
<engineerTo>
<item key="D3EA570C-CF09-A95D-0250-B56D1592D2C8" value="true"/>
</engineerTo>
<nullsAllowed>true</nullsAllowed>
<useDomainConstraints>false</useDomainConstraints>
<use>1</use>
<logicalDatatype>LOGDT024</logicalDatatype>
<dataTypeSize>100</dataTypeSize>
<ownDataTypeParameters>100,,</ownDataTypeParameters>
</Attribute>
<Attribute name="NR CPF" id="1538AD8E-3050-4794-2D47-662866D20493">
<createdBy>Gustavo Padlipskas</createdBy>
<createdTime>2023-03-06 18:25:11 UTC</createdTime>
<comment><![CDATA[Essa coluna irá armazenar o número do CPF do cliente na plataforma ecommerce da Melhores Compras.Seu conteúdo deve ser obrigatório. ]]></comment>
<commentInRDBMS><![CDATA[Essa coluna irá armazenar o número do CPF do cliente na plataforma ecommerce da Melhores Compras.Seu conteúdo deve ser obrigatório. ]]></commentInRDBMS>
<generatorID>B12580B8-9CB8-A062-5BFF-41A5F816FA19</generatorID>
<ownerDesignName>SGV_Melhores_Compras</ownerDesignName>
<engineerTo>
<item key="D3EA570C-CF09-A95D-0250-B56D1592D2C8" value="true"/>
</engineerTo>
<useDomainConstraints>false</useDomainConstraints>
<use>1</use>
<logicalDatatype>LOGDT024</logicalDatatype>
<dataTypeSize>14</dataTypeSize>
<ownDataTypeParameters>14,,</ownDataTypeParameters>
</Attribute>
</attributes>
</Entity>