<?xml version = '1.0' encoding = 'UTF-8'?>
<Relation class="oracle.dbtools.crest.model.design.logical.Relation" name="FK_MC_CLIENTE_SGV_SAC" directorySegmentName="seg_0" id="27149815-04FE-E80A-54DD-881D8F9A5742">
<createdBy>Gustavo Padlipskas</createdBy>
<createdTime>2023-03-06 18:25:11 UTC</createdTime>
<generatorID>B308ED99-61A2-F694-ECBE-78D8E8877181</generatorID>
<ownerDesignName>SGV_Melhores_Compras</ownerDesignName>
<engineerTo>
<item key="D3EA570C-CF09-A95D-0250-B56D1592D2C8" value="true"/>
</engineerTo>
<useSurrogateKey>true</useSurrogateKey>
<identifying>false</identifying>
<optionalSource>true</optionalSource>
<optionalTarget>false</optionalTarget>
<sourceCardinality>1</sourceCardinality>
<sourceEntity>ACB5A015-6E5D-966C-CBD4-8AE24BD09B87</sourceEntity>
<targetCardinalityString>*</targetCardinalityString>
<targetEntity>2BBADB0F-AB6E-C27F-3B0F-66D3D06DF116</targetEntity>
<transferable>true</transferable>
<deleteRule>NO ACTION</deleteRule>
</Relation>