<?xml version = '1.0' encoding = 'UTF-8'?>
<Relation class="oracle.dbtools.crest.model.design.logical.Relation" name="FK_MC_LOGRADOURO_END" directorySegmentName="seg_0" id="92392C36-C7FD-3270-487B-0F23307BE133">
<createdBy>Gustavo Padlipskas</createdBy>
<createdTime>2023-03-06 18:25:11 UTC</createdTime>
<generatorID>635B0A50-BC90-DBDF-7C86-E90F954388D6</generatorID>
<ownerDesignName>SGV_Melhores_Compras</ownerDesignName>
<engineerTo>
<item key="D3EA570C-CF09-A95D-0250-B56D1592D2C8" value="true"/>
</engineerTo>
<useSurrogateKey>true</useSurrogateKey>
<identifying>true</identifying>
<optionalSource>true</optionalSource>
<optionalTarget>false</optionalTarget>
<sourceCardinality>1</sourceCardinality>
<sourceEntity>DF7DEEA1-373B-E956-9880-2251DF7A8803</sourceEntity>
<targetCardinalityString>*</targetCardinalityString>
<targetEntity>D90FF9C8-BC2F-2018-4A9E-733CF8440F07</targetEntity>
<transferable>true</transferable>
</Relation>