<?xml version = '1.0' encoding = 'UTF-8'?>
<Relation class="oracle.dbtools.crest.model.design.logical.Relation" name="FK_MC_PRODUTO_SGV_SAC" directorySegmentName="seg_0" id="9E2BE6AE-04DD-64CD-066C-1BED4822EF83">
<createdBy>Gustavo Padlipskas</createdBy>
<createdTime>2023-03-06 18:25:11 UTC</createdTime>
<generatorID>C3B760A4-7F59-DB16-9484-93D74A01A02D</generatorID>
<ownerDesignName>SGV_Melhores_Compras</ownerDesignName>
<engineerTo>
<item key="D3EA570C-CF09-A95D-0250-B56D1592D2C8" value="true"/>
</engineerTo>
<useSurrogateKey>true</useSurrogateKey>
<identifying>false</identifying>
<optionalSource>true</optionalSource>
<optionalTarget>false</optionalTarget>
<sourceCardinality>1</sourceCardinality>
<sourceEntity>9AE92F42-B513-68A0-1455-E8B6BBD09616</sourceEntity>
<targetCardinalityString>*</targetCardinalityString>
<targetEntity>2BBADB0F-AB6E-C27F-3B0F-66D3D06DF116</targetEntity>
<transferable>true</transferable>
<deleteRule>NO ACTION</deleteRule>
</Relation>