<?xml version = '1.0' encoding = 'UTF-8'?>
<Relation class="oracle.dbtools.crest.model.design.logical.Relation" name="FK_MC_DEPTO_FUNC" directorySegmentName="seg_0" id="D96D4E19-7863-FF83-154C-C384265BD6BC">
<createdBy>Gustavo Padlipskas</createdBy>
<createdTime>2023-03-06 18:25:11 UTC</createdTime>
<generatorID>7E660816-4F19-C357-EAE4-45C7900EE26C</generatorID>
<ownerDesignName>SGV_Melhores_Compras</ownerDesignName>
<engineerTo>
<item key="D3EA570C-CF09-A95D-0250-B56D1592D2C8" value="true"/>
</engineerTo>
<useSurrogateKey>true</useSurrogateKey>
<identifying>false</identifying>
<optionalSource>true</optionalSource>
<optionalTarget>false</optionalTarget>
<sourceCardinality>1</sourceCardinality>
<sourceEntity>2E1B9683-84E8-E3A3-73A2-B029229D51DA</sourceEntity>
<targetCardinalityString>*</targetCardinalityString>
<targetEntity>4F302221-514A-229D-2A59-06BD5CA6AAE7</targetEntity>
<transferable>true</transferable>
<deleteRule>NO ACTION</deleteRule>
</Relation>