<?xml version = '1.0' encoding = 'UTF-8'?>
<Relation class="oracle.dbtools.crest.model.design.logical.Relation" name="FK_MC_CATEGORIA_VIDEO" directorySegmentName="seg_0" id="FF3A3C62-9E25-E6C5-3BE3-3C7A3805B407">
<createdBy>Gustavo Padlipskas</createdBy>
<createdTime>2023-03-06 18:25:11 UTC</createdTime>
<generatorID>5FFA2F13-80FB-A10B-B03E-33E7797AFDF1</generatorID>
<ownerDesignName>SGV_Melhores_Compras</ownerDesignName>
<engineerTo>
<item key="D3EA570C-CF09-A95D-0250-B56D1592D2C8" value="true"/>
</engineerTo>
<useSurrogateKey>true</useSurrogateKey>
<identifying>false</identifying>
<optionalSource>true</optionalSource>
<optionalTarget>false</optionalTarget>
<sourceCardinality>1</sourceCardinality>
<sourceEntity>CFF79FB8-7ED6-FDF1-708D-BA33B2EAC164</sourceEntity>
<targetCardinalityString>*</targetCardinalityString>
<targetEntity>4F9CACD3-DE27-5754-A573-91305FECBC52</targetEntity>
<transferable>true</transferable>
<deleteRule>NO ACTION</deleteRule>
</Relation>