<?xml version = '1.0' encoding = 'UTF-8'?>
<FKArc class="oracle.dbtools.crest.model.design.relational.FKArc" directorySegmentName="seg_0" id="7CEF4035-39C7-9CEA-86E6-D19FA7A25E51" name="FK_ARCO_CLI_FISICA_JURIDICA">
<createdBy>Gustavo Padlipskas</createdBy>
<createdTime>2021-09-21 21:11:17 UTC</createdTime>
<ownerDesignName>Proj_DBurger</ownerDesignName>
<mandatory>false</mandatory>
<reverseArc>true</reverseArc>
<table>AE252E86-E6B4-F95D-B94E-635EEF764C2F</table>
<discriminatorColumn>A0AE6625-F1C4-40D5-0C78-0D4E4450D37E</discriminatorColumn>
<fkeys>
<fkeyID>147717CD-18B0-2F3C-6FEF-A935C9708543</fkeyID>
<fkeyID>32004F6C-A7F9-B126-0177-8629B6EA5426</fkeyID>
</fkeys>
</FKArc>