<?xml version = '1.0' encoding = 'UTF-8'?>
<FKIndexAssociation class="oracle.dbtools.crest.model.design.relational.FKIndexAssociation" directorySegmentName="seg_0" id="3B043B45-8FF3-DEF3-E35B-FD6E58F38067" containerWithKeyObject="28F64B05-779D-029A-71EE-F134DD6C5D92" localFKIndex="62128A12-CA46-2CBE-55B9-DE6999D6D615" name="FK_MC_CLIENTE_VISUALIZ_VIDEO">
<createdBy>Gustavo Padlipskas</createdBy>
<createdTime>2021-12-20 13:45:36 UTC</createdTime>
<ownerDesignName>SGV_Melhores_Compras</ownerDesignName>
<referredTableLongName>MC_CLIENTE</referredTableLongName>
<deleteRule>NO ACTION</deleteRule>
<referredTableID>AE252E86-E6B4-F95D-B94E-635EEF764C2F</referredTableID>
<keyObject>CFA51A98-7B3F-4A2E-FF67-49BA1CB91F50</keyObject>
<referredKeyID>CFA51A98-7B3F-4A2E-FF67-49BA1CB91F50</referredKeyID>
<mandatory>false</mandatory>
<refColNames>NR_CLIENTE</refColNames>
<transferable>true</transferable>
<rely>false</rely>
<columnDependencyConstraintGenerateInDDL>true</columnDependencyConstraintGenerateInDDL>
</FKIndexAssociation>