<?xml version = '1.0' encoding = 'UTF-8'?>
<Entity class="oracle.dbtools.crest.model.design.logical.Entity" directorySegmentName="seg_0" id="2BBADB0F-AB6E-C27F-3B0F-66D3D06DF116" name="MC SGV SAC">
<createdBy>Gustavo Padlipskas</createdBy>
<createdTime>2023-03-06 18:25:11 UTC</createdTime>
<generatorID>6EAECA94-FFFC-0CF5-AD7B-BE26D785E934</generatorID>
<ownerDesignName>SGV_Melhores_Compras</ownerDesignName>
<engineerTo>
<item key="D3EA570C-CF09-A95D-0250-B56D1592D2C8" value="true"/>
</engineerTo>
<adequatelyNormalized>NO</adequatelyNormalized>
<expectedVolumes>0</expectedVolumes>
<fwdEngineeringStrategyName>Single Table</fwdEngineeringStrategyName>
<growthPercent>0</growthPercent>
<growthType>Year</growthType>
<maxVolumes>9999999</maxVolumes>
<minVolumes>0</minVolumes>
<normalForm>Third</normalForm>
<attributes itemClass="oracle.dbtools.crest.model.design.logical.Attribute">
<Attribute name="NR SAC" id="6E91FF3C-0BD0-5965-F31E-F49BEDD6D4C4">
<createdBy>Gustavo Padlipskas</createdBy>
<createdTime>2023-03-06 18:25:11 UTC</createdTime>
<comment><![CDATA[Essa coluna irá armazenar a chave primária da tabela de SAC de vídeo  da Melhorees Compras. A cada SAC cadastrado pelo cliente será acionada a Sequence  SQ_MC_SGV_SAC que se encarregará de gerar o próximo número único do chamado SAC feito pelo Cliente.]]></comment>
<commentInRDBMS><![CDATA[Essa coluna irá armazenar a chave primária da tabela de SAC de vídeo  da Melhorees Compras. A cada SAC cadastrado pelo cliente será acionada a Sequence  SQ_MC_SGV_SAC que se encarregará de gerar o próximo número único do chamado SAC feito pelo Cliente.]]></commentInRDBMS>
<generatorID>ACC2AA78-7571-5642-14AC-B4576325EBBF</generatorID>
<ownerDesignName>SGV_Melhores_Compras</ownerDesignName>
<engineerTo>
<item key="D3EA570C-CF09-A95D-0250-B56D1592D2C8" value="true"/>
</engineerTo>
<useDomainConstraints>false</useDomainConstraints>
<use>1</use>
<logicalDatatype>LOGDT019</logicalDatatype>
<ownDataTypeParameters>,,</ownDataTypeParameters>
</Attribute>
<Attribute name="NR CLIENTE" id="76000AAF-971E-5674-D7CE-D3FD4C6A89C1">
<createdBy>Gustavo Padlipskas</createdBy>
<createdTime>2023-03-06 18:25:11 UTC</createdTime>
<comment><![CDATA[Essa coluna irá armazenar o código único do cliente na plataforma ecommerce da Melhores Compras.Seu conteúdo deve ser obrigatório, único e preenhcido a  parrtir da tabela NC_CLIENTE. ]]></comment>
<commentInRDBMS><![CDATA[Essa coluna irá armazenar o código único do cliente na plataforma ecommerce da Melhores Compras.Seu conteúdo deve ser obrigatório, único e preenhcido a  parrtir da tabela NC_CLIENTE. ]]></commentInRDBMS>
<ownerDesignName>SGV_Melhores_Compras</ownerDesignName>
<engineerTo>
<item key="D3EA570C-CF09-A95D-0250-B56D1592D2C8" value="true"/>
</engineerTo>
<useDomainConstraints>false</useDomainConstraints>
<use>1</use>
<logicalDatatype>LOGDT019</logicalDatatype>
<ownDataTypeParameters>,,</ownDataTypeParameters>
</Attribute>
<Attribute name="CD PRODUTO" id="2115C66C-7D7E-ACB6-2226-B2CC4CC91D8D">
<createdBy>Gustavo Padlipskas</createdBy>
<createdTime>2023-03-06 18:25:11 UTC</createdTime>
<comment><![CDATA[Essa coluna irá armazenar a chave primária da tabela de produtos da Melhorees Compras. A cada produto cadastrado será acionada a Sequence  SQ_MC_PRODUTO que se encarregará de gerar o próximo número único do produto.]]></comment>
<commentInRDBMS><![CDATA[Essa coluna irá armazenar a chave primária da tabela de produtos da Melhorees Compras. A cada produto cadastrado será acionada a Sequence  SQ_MC_PRODUTO que se encarregará de gerar o próximo número único do produto.]]></commentInRDBMS>
<ownerDesignName>SGV_Melhores_Compras</ownerDesignName>
<engineerTo>
<item key="D3EA570C-CF09-A95D-0250-B56D1592D2C8" value="true"/>
</engineerTo>
<useDomainConstraints>false</useDomainConstraints>
<use>1</use>
<logicalDatatype>LOGDT019</logicalDatatype>
<ownDataTypeParameters>,,</ownDataTypeParameters>
</Attribute>
<Attribute name="CD FUNCIONARIO" id="3586D513-D39A-2CAD-38DE-DEE4BDDA8E94">
<createdBy>Gustavo Padlipskas</createdBy>
<createdTime>2023-03-06 18:25:11 UTC</createdTime>
<comment><![CDATA[Esta coluna irá receber o codigo do funcionário e seu conteúdo é obrigatório.]]></comment>
<commentInRDBMS><![CDATA[Esta coluna irá receber o codigo do funcionário e seu conteúdo é obrigatório.]]></commentInRDBMS>
<ownerDesignName>SGV_Melhores_Compras</ownerDesignName>
<engineerTo>
<item key="D3EA570C-CF09-A95D-0250-B56D1592D2C8" value="true"/>
</engineerTo>
<nullsAllowed>true</nullsAllowed>
<useDomainConstraints>false</useDomainConstraints>
<use>1</use>
<logicalDatatype>LOGDT019</logicalDatatype>
<ownDataTypeParameters>,,</ownDataTypeParameters>
</Attribute>
<Attribute name="DS DETALHADA SAC" id="0186DEA0-C707-BDC8-85EF-61DAB7857DC0">
<createdBy>Gustavo Padlipskas</createdBy>
<createdTime>2023-03-06 18:25:11 UTC</createdTime>
<comment><![CDATA[Essa coluna  irá  receber a descrição completa do SAC aberto pelo cliente. Seu conteudo deve ser obrigatório.]]></comment>
<commentInRDBMS><![CDATA[Essa coluna  irá  receber a descrição completa do SAC aberto pelo cliente. Seu conteudo deve ser obrigatório.]]></commentInRDBMS>
<generatorID>BB4F13AC-3E6A-A0A4-BA4B-91F3470D600C</generatorID>
<ownerDesignName>SGV_Melhores_Compras</ownerDesignName>
<engineerTo>
<item key="D3EA570C-CF09-A95D-0250-B56D1592D2C8" value="true"/>
</engineerTo>
<nullsAllowed>true</nullsAllowed>
<useDomainConstraints>false</useDomainConstraints>
<use>1</use>
<logicalDatatype>LOGDT028</logicalDatatype>
<ownDataTypeParameters>,,</ownDataTypeParameters>
</Attribute>
<Attribute name="DT ABERTURA SAC" id="84DFE6AF-AAB8-0CAF-DAF5-197951395DCB">
<createdBy>Gustavo Padlipskas</createdBy>
<createdTime>2023-03-06 18:25:11 UTC</createdTime>
<comment><![CDATA[Essa coluna  irá  receber a data e horário do SAC aberto pelo cliente. Seu conteudo deve ser obrigatório.]]></comment>
<commentInRDBMS><![CDATA[Essa coluna  irá  receber a data e horário do SAC aberto pelo cliente. Seu conteudo deve ser obrigatório.]]></commentInRDBMS>
<generatorID>F7D69A86-C801-03A8-F870-79FAD9A0D89E</generatorID>
<ownerDesignName>SGV_Melhores_Compras</ownerDesignName>
<engineerTo>
<item key="D3EA570C-CF09-A95D-0250-B56D1592D2C8" value="true"/>
</engineerTo>
<nullsAllowed>true</nullsAllowed>
<useDomainConstraints>false</useDomainConstraints>
<use>1</use>
<logicalDatatype>LOGDT007</logicalDatatype>
<ownDataTypeParameters>,,</ownDataTypeParameters>
</Attribute>
<Attribute name="HR ABERTURA SAC" id="4F74CC1B-F267-2560-A100-920850635BB0">
<createdBy>Gustavo Padlipskas</createdBy>
<createdTime>2023-03-06 18:25:11 UTC</createdTime>
<comment><![CDATA[Essa coluna  irá  receber a hora do SAC aberto pelo cliente. Seu conteudo deve ser obrigatório.]]></comment>
<commentInRDBMS><![CDATA[Essa coluna  irá  receber a hora do SAC aberto pelo cliente. Seu conteudo deve ser obrigatório.]]></commentInRDBMS>
<generatorID>834ABEFD-BF26-00D8-F3C2-D3570CBDB66E</generatorID>
<ownerDesignName>SGV_Melhores_Compras</ownerDesignName>
<engineerTo>
<item key="D3EA570C-CF09-A95D-0250-B56D1592D2C8" value="true"/>
</engineerTo>
<nullsAllowed>true</nullsAllowed>
<useDomainConstraints>false</useDomainConstraints>
<use>1</use>
<logicalDatatype>LOGDT019</logicalDatatype>
<dataTypePrecision>2</dataTypePrecision>
<ownDataTypeParameters>,2,</ownDataTypeParameters>
</Attribute>
<Attribute name="DT ATENDIMENTO" id="A4A185FB-5C30-8D59-A5C7-4B39AFAEE5ED">
<createdBy>Gustavo Padlipskas</createdBy>
<createdTime>2023-03-06 18:25:11 UTC</createdTime>
<comment><![CDATA[Essa coluna  irá  receber a data e horário do atendmiento SAC feita pelo funcionário da Melhores Compras. Seu conteudo deve ser opcional.]]></comment>
<commentInRDBMS><![CDATA[Essa coluna  irá  receber a data e horário do atendmiento SAC feita pelo funcionário da Melhores Compras. Seu conteudo deve ser opcional..]]></commentInRDBMS>
<generatorID>00F3FFE8-16F6-2655-5C0C-081240B7182C</generatorID>
<ownerDesignName>SGV_Melhores_Compras</ownerDesignName>
<engineerTo>
<item key="D3EA570C-CF09-A95D-0250-B56D1592D2C8" value="true"/>
</engineerTo>
<nullsAllowed>true</nullsAllowed>
<useDomainConstraints>false</useDomainConstraints>
<use>1</use>
<logicalDatatype>LOGDT007</logicalDatatype>
<ownDataTypeParameters>,,</ownDataTypeParameters>
</Attribute>
<Attribute name="HR ATENDIMENTO SAC" id="07C5C2F6-2EC5-364E-975B-F3437CE62F1D">
<createdBy>Gustavo Padlipskas</createdBy>
<createdTime>2023-03-06 18:25:11 UTC</createdTime>
<comment><![CDATA[Essa coluna  irá  receber a hora do SAC do atendimento  feito  pelo funcionario da Melhores Compras. Seu conteudo deve ser opcional.]]></comment>
<commentInRDBMS><![CDATA[Essa coluna  irá  receber a hora do SAC do atendimento  feito  pelo funcionario da Melhores Compras. Seu conteudo deve ser opcional.]]></commentInRDBMS>
<generatorID>8F5D878A-6433-861D-A16B-20EFC958BA80</generatorID>
<ownerDesignName>SGV_Melhores_Compras</ownerDesignName>
<engineerTo>
<item key="D3EA570C-CF09-A95D-0250-B56D1592D2C8" value="true"/>
</engineerTo>
<nullsAllowed>true</nullsAllowed>
<useDomainConstraints>false</useDomainConstraints>
<use>1</use>
<logicalDatatype>LOGDT019</logicalDatatype>
<dataTypePrecision>2</dataTypePrecision>
<ownDataTypeParameters>,2,</ownDataTypeParameters>
</Attribute>
<Attribute name="NR TEMPO TOTAL SAC" id="C4D74876-E154-6298-561B-53D3AB99147D">
<createdBy>Gustavo Padlipskas</createdBy>
<createdTime>2023-03-06 18:25:11 UTC</createdTime>
<comment><![CDATA[Essa coluna  irá  receber o tempo total em horas  (HH24) computado desde a abertura até a conclusão dele. A unidade de medida é horas, ou seja, em quantas horas o chamado foi concluído desde a sua abertura.]]></comment>
<commentInRDBMS><![CDATA[Essa coluna  irá  receber o tempo total em horas  (HH24) computado desde a abertura até a conclusão dele. A unidade de medida é horas, ou seja, em quantas horas o chamado foi concluído desde a sua abertura.]]></commentInRDBMS>
<generatorID>3DC396B8-B6D0-F664-58DB-AE49F03180CF</generatorID>
<ownerDesignName>SGV_Melhores_Compras</ownerDesignName>
<engineerTo>
<item key="D3EA570C-CF09-A95D-0250-B56D1592D2C8" value="true"/>
</engineerTo>
<nullsAllowed>true</nullsAllowed>
<useDomainConstraints>false</useDomainConstraints>
<use>1</use>
<logicalDatatype>LOGDT019</logicalDatatype>
<dataTypePrecision>10</dataTypePrecision>
<ownDataTypeParameters>,10,</ownDataTypeParameters>
</Attribute>
<Attribute name="DS DETALHADA RETORNO SAC" id="4008A901-2F23-DF6C-0EE0-27600E4955D3">
<createdBy>Gustavo Padlipskas</createdBy>
<createdTime>2023-03-06 18:25:11 UTC</createdTime>
<comment><![CDATA[Essa coluna  irá  receber a descrição detalhada do retorno feito pelo funcionário a partir da solicitação do cliente. Seu conteúdo deve ser opcional e preenchido pelo funcionário..]]></comment>
<commentInRDBMS><![CDATA[Essa coluna  irá  receber a descrição detalhada do retorno feito pelo funcionário a partir da solicitação do cliente. Seu conteúdo deve ser opcional e preenchido pelo funcionário.]]></commentInRDBMS>
<generatorID>EB520E79-BD3C-B48C-A9BB-DE51CFDE79B4</generatorID>
<ownerDesignName>SGV_Melhores_Compras</ownerDesignName>
<engineerTo>
<item key="D3EA570C-CF09-A95D-0250-B56D1592D2C8" value="true"/>
</engineerTo>
<nullsAllowed>true</nullsAllowed>
<useDomainConstraints>false</useDomainConstraints>
<use>1</use>
<logicalDatatype>LOGDT028</logicalDatatype>
<ownDataTypeParameters>,,</ownDataTypeParameters>
</Attribute>
<Attribute name="TP SAC" id="395DC551-E55D-4F77-73D0-61C8402C93C8">
<createdBy>Gustavo Padlipskas</createdBy>
<createdTime>2023-03-06 18:25:11 UTC</createdTime>
<comment><![CDATA[Essa coluna  irá  receber o TIPO  do chamado SAC aberto pelo cliente.  Seu conteúdo deve ser  obrigatório e os possíveis valores são: (S)ugestão; (R)eclamação;  (D)úvida ou  (E)logio.]]></comment>
<commentInRDBMS><![CDATA[Essa coluna  irá  receber o TIPO  do chamado SAC aberto pelo cliente.  Seu conteúdo deve ser  obrigatório e os possíveis valores são: (S)ugestão; (D)úvida ou  (E)logio.]]></commentInRDBMS>
<generatorID>DAD7689D-BC9D-0E87-A288-8F3B277B6B29</generatorID>
<ownerDesignName>SGV_Melhores_Compras</ownerDesignName>
<engineerTo>
<item key="D3EA570C-CF09-A95D-0250-B56D1592D2C8" value="true"/>
</engineerTo>
<useDomainConstraints>false</useDomainConstraints>
<use>1</use>
<logicalDatatype>LOGDT025</logicalDatatype>
<dataTypeSize>1</dataTypeSize>
<ownDataTypeParameters>1,,</ownDataTypeParameters>
</Attribute>
<Attribute name="ST SAC" id="E8ED718F-58AD-36FF-27A6-2CD7596CA981">
<createdBy>Gustavo Padlipskas</createdBy>
<createdTime>2023-03-06 18:25:11 UTC</createdTime>
<comment><![CDATA[Essa coluna  irá  receber o STATUS  do chamado SAC aberto pelo cliente.  Seu conteúdo deve ser  obrigatório e os possíveis valores são: (E)m Atendimento; (C)ancelado; (F)echado ou (X)Fechado com Insatisfação do cliente.]]></comment>
<commentInRDBMS><![CDATA[Essa coluna  irá  receber o STATUS  do chamado SAC aberto pelo cliente.  Seu conteúdo deve ser  obrigatório e os possíveis valores são: (E)m Atendimento; (C)ancelado; (F)echado ou (X)Fechado com Insatisfação do cliente.]]></commentInRDBMS>
<generatorID>3F5E44DB-3C93-61FE-A09F-2829DD3E6358</generatorID>
<ownerDesignName>SGV_Melhores_Compras</ownerDesignName>
<engineerTo>
<item key="D3EA570C-CF09-A95D-0250-B56D1592D2C8" value="true"/>
</engineerTo>
<nullsAllowed>true</nullsAllowed>
<useDomainConstraints>false</useDomainConstraints>
<use>1</use>
<logicalDatatype>LOGDT025</logicalDatatype>
<dataTypeSize>1</dataTypeSize>
<ownDataTypeParameters>1,,</ownDataTypeParameters>
</Attribute>
<Attribute name="NR INDICE SATISFACAO" id="AC33207D-E7FE-8893-F153-C216E2A8A338">
<createdBy>Gustavo Padlipskas</createdBy>
<createdTime>2023-03-06 18:25:11 UTC</createdTime>
<comment><![CDATA[Essa coluna  irá  receber o índice de satisfação, , computado como um valor simples de 1 a 10, onde 1 refere-se ao cliente menos satisfeito e 10 o cliente mais satisfeito. Esse índice de satisfação é opcional e informado pelo cliente ao final do atendimento.]]></comment>
<commentInRDBMS><![CDATA[Essa coluna  irá  receber o índice de satisfação, , computado como um valor simples de 1 a 10, onde 1 refere-se ao cliente menos satisfeito e 10 o cliente mais satisfeito. Esse índice de satisfação é opcional e informado pelo cliente ao final do atendimento.]]></commentInRDBMS>
<generatorID>7A7FFBE6-5B17-1D87-7EBC-5C1DD8E94F8C</generatorID>
<ownerDesignName>SGV_Melhores_Compras</ownerDesignName>
<engineerTo>
<item key="D3EA570C-CF09-A95D-0250-B56D1592D2C8" value="true"/>
</engineerTo>
<nullsAllowed>true</nullsAllowed>
<useDomainConstraints>false</useDomainConstraints>
<use>1</use>
<logicalDatatype>LOGDT019</logicalDatatype>
<dataTypePrecision>2</dataTypePrecision>
<ownDataTypeParameters>,2,</ownDataTypeParameters>
</Attribute>
</attributes>
</Entity>