<?xml version = '1.0' encoding = 'UTF-8'?>
<Entity class="oracle.dbtools.crest.model.design.logical.Entity" directorySegmentName="seg_0" id="2E1B9683-84E8-E3A3-73A2-B029229D51DA" name="MC DEPTO">
<createdBy>Gustavo Padlipskas</createdBy>
<createdTime>2023-03-06 18:25:11 UTC</createdTime>
<generatorID>09BF5BEA-E4F6-2CAC-2D9F-A77222403602</generatorID>
<ownerDesignName>SGV_Melhores_Compras</ownerDesignName>
<engineerTo>
<item key="D3EA570C-CF09-A95D-0250-B56D1592D2C8" value="true"/>
</engineerTo>
<adequatelyNormalized>NO</adequatelyNormalized>
<expectedVolumes>0</expectedVolumes>
<fwdEngineeringStrategyName>Single Table</fwdEngineeringStrategyName>
<growthPercent>0</growthPercent>
<growthType>Year</growthType>
<maxVolumes>9999999</maxVolumes>
<minVolumes>0</minVolumes>
<normalForm>Third</normalForm>
<attributes itemClass="oracle.dbtools.crest.model.design.logical.Attribute">
<Attribute name="CD DEPTO" id="6CFDD3FA-DCDA-7ECF-D9D2-BDA7CF51804F">
<createdBy>Gustavo Padlipskas</createdBy>
<createdTime>2023-03-06 18:25:11 UTC</createdTime>
<comment><![CDATA[Esta coluna irá receber o codigo do departamento  e seu conteúdo é obrigatório.]]></comment>
<commentInRDBMS><![CDATA[Esta coluna irá receber o codigo do departamento  e seu conteúdo é obrigatório.]]></commentInRDBMS>
<generatorID>E8039C47-B236-3C3A-A0DF-33D17B2C3CF9</generatorID>
<ownerDesignName>SGV_Melhores_Compras</ownerDesignName>
<engineerTo>
<item key="D3EA570C-CF09-A95D-0250-B56D1592D2C8" value="true"/>
</engineerTo>
<useDomainConstraints>false</useDomainConstraints>
<use>1</use>
<logicalDatatype>LOGDT019</logicalDatatype>
<dataTypePrecision>3</dataTypePrecision>
<ownDataTypeParameters>,3,</ownDataTypeParameters>
</Attribute>
<Attribute name="NM DEPTO" id="8137F358-511B-DD22-A0B5-778C39BD56FC">
<createdBy>Gustavo Padlipskas</createdBy>
<createdTime>2023-03-06 18:25:11 UTC</createdTime>
<comment><![CDATA[Esta coluna irá receber o nome do  departamento  e seu conteúdo é obrigatório.]]></comment>
<commentInRDBMS><![CDATA[Esta coluna irá receber o nome do  departamento  e seu conteúdo é obrigatório.]]></commentInRDBMS>
<generatorID>27F29CD9-2B20-9300-6B7A-064098A56B24</generatorID>
<ownerDesignName>SGV_Melhores_Compras</ownerDesignName>
<engineerTo>
<item key="D3EA570C-CF09-A95D-0250-B56D1592D2C8" value="true"/>
</engineerTo>
<useDomainConstraints>false</useDomainConstraints>
<use>1</use>
<logicalDatatype>LOGDT024</logicalDatatype>
<dataTypeSize>100</dataTypeSize>
<ownDataTypeParameters>100,,</ownDataTypeParameters>
</Attribute>
<Attribute name="ST DEPTO" id="4C846F18-B054-FF74-B9F6-22C14B997000">
<createdBy>Gustavo Padlipskas</createdBy>
<createdTime>2023-03-06 18:25:11 UTC</createdTime>
<comment><![CDATA[Esta coluna irá receber o status do  departamento  e seu conteúdo é obrigatório. Os valores possíveis são: (A)tivo e (I)nativo.]]></comment>
<commentInRDBMS><![CDATA[Esta coluna irá receber o status do  departamento  e seu conteúdo é obrigatório. Os valores possíveis são: (A)tivo e (I)nativo.]]></commentInRDBMS>
<generatorID>9E35BA4E-7D2E-3CD8-54B9-E6A678A3EDE8</generatorID>
<ownerDesignName>SGV_Melhores_Compras</ownerDesignName>
<engineerTo>
<item key="D3EA570C-CF09-A95D-0250-B56D1592D2C8" value="true"/>
</engineerTo>
<useDomainConstraints>false</useDomainConstraints>
<use>1</use>
<logicalDatatype>LOGDT025</logicalDatatype>
<dataTypeSize>1</dataTypeSize>
<ownDataTypeParameters>1,,</ownDataTypeParameters>
</Attribute>
</attributes>
</Entity>