<?xml version = '1.0' encoding = 'UTF-8'?>
<Entity class="oracle.dbtools.crest.model.design.logical.Entity" directorySegmentName="seg_0" id="483F8D1C-412D-E6C8-E357-4C9B5D481591" name="MC CIDADE">
<createdBy>Gustavo Padlipskas</createdBy>
<createdTime>2023-03-06 18:25:11 UTC</createdTime>
<generatorID>07A77A55-CE36-8E78-D975-56AE32DD5E37</generatorID>
<ownerDesignName>SGV_Melhores_Compras</ownerDesignName>
<engineerTo>
<item key="D3EA570C-CF09-A95D-0250-B56D1592D2C8" value="true"/>
</engineerTo>
<adequatelyNormalized>NO</adequatelyNormalized>
<expectedVolumes>0</expectedVolumes>
<fwdEngineeringStrategyName>Single Table</fwdEngineeringStrategyName>
<growthPercent>0</growthPercent>
<growthType>Year</growthType>
<maxVolumes>9999999</maxVolumes>
<minVolumes>0</minVolumes>
<normalForm>Third</normalForm>
<attributes itemClass="oracle.dbtools.crest.model.design.logical.Attribute">
<Attribute name="CD CIDADE" id="E33F84FB-D029-080B-BB90-1486D32A537B">
<createdBy>Gustavo Padlipskas</createdBy>
<createdTime>2023-03-06 18:25:11 UTC</createdTime>
<comment><![CDATA[Esta coluna irá receber o codigo da cidade e seu conteúdo é obrigatório.]]></comment>
<commentInRDBMS><![CDATA[Esta coluna irá receber o codigo da cidade e seu conteúdo é obrigatório.]]></commentInRDBMS>
<generatorID>F02A7FC6-D49A-05B2-FEC8-571348793994</generatorID>
<ownerDesignName>SGV_Melhores_Compras</ownerDesignName>
<engineerTo>
<item key="D3EA570C-CF09-A95D-0250-B56D1592D2C8" value="true"/>
</engineerTo>
<useDomainConstraints>false</useDomainConstraints>
<use>1</use>
<logicalDatatype>LOGDT019</logicalDatatype>
<dataTypePrecision>8</dataTypePrecision>
<ownDataTypeParameters>,8,</ownDataTypeParameters>
</Attribute>
<Attribute name="SG ESTADO" id="A69DB3BE-0B06-5B1E-B9ED-DD339FD5504B">
<createdBy>Gustavo Padlipskas</createdBy>
<createdTime>2023-03-06 18:25:11 UTC</createdTime>
<comment><![CDATA[Esta coluna ira receber a siga do Estado. Esse conteúdo é obrigatório.]]></comment>
<commentInRDBMS><![CDATA[Esta coluna ira receber a siga do Estado. Esse conteúdo é obrigatório.]]></commentInRDBMS>
<ownerDesignName>SGV_Melhores_Compras</ownerDesignName>
<engineerTo>
<item key="D3EA570C-CF09-A95D-0250-B56D1592D2C8" value="true"/>
</engineerTo>
<useDomainConstraints>false</useDomainConstraints>
<use>1</use>
<logicalDatatype>LOGDT025</logicalDatatype>
<ownDataTypeParameters>,,</ownDataTypeParameters>
</Attribute>
<Attribute name="NM CIDADE" id="F72B4D87-CD47-DA9F-F75C-A5BB710BEF21">
<createdBy>Gustavo Padlipskas</createdBy>
<createdTime>2023-03-06 18:25:11 UTC</createdTime>
<comment><![CDATA[Esta coluna ira receber o nome da Cidade. Esse conteúdo é obrigatório.]]></comment>
<commentInRDBMS><![CDATA[Esta coluna ira receber o nome da Cidade. Esse conteúdo é obrigatório.]]></commentInRDBMS>
<generatorID>2A6C40E9-FF11-F3E8-44AA-E1F520D2B204</generatorID>
<ownerDesignName>SGV_Melhores_Compras</ownerDesignName>
<engineerTo>
<item key="D3EA570C-CF09-A95D-0250-B56D1592D2C8" value="true"/>
</engineerTo>
<useDomainConstraints>false</useDomainConstraints>
<use>1</use>
<logicalDatatype>LOGDT024</logicalDatatype>
<dataTypeSize>60</dataTypeSize>
<ownDataTypeParameters>60,,</ownDataTypeParameters>
</Attribute>
<Attribute name="CD IBGE" id="5F2A72E0-6736-3800-DDB7-14082344FD7A">
<createdBy>Gustavo Padlipskas</createdBy>
<createdTime>2023-03-06 18:25:11 UTC</createdTime>
<comment><![CDATA[Esta coluna irá receber o código do IBGE que fornece informações para geração da NFe.]]></comment>
<commentInRDBMS><![CDATA[Esta coluna irá receber o código do IBGE que fornece informações para geração da NFe.]]></commentInRDBMS>
<generatorID>91E7B7FC-A5E3-A6D7-9017-29C14C9317E1</generatorID>
<ownerDesignName>SGV_Melhores_Compras</ownerDesignName>
<engineerTo>
<item key="D3EA570C-CF09-A95D-0250-B56D1592D2C8" value="true"/>
</engineerTo>
<nullsAllowed>true</nullsAllowed>
<useDomainConstraints>false</useDomainConstraints>
<use>1</use>
<logicalDatatype>LOGDT019</logicalDatatype>
<dataTypePrecision>8</dataTypePrecision>
<ownDataTypeParameters>,8,</ownDataTypeParameters>
</Attribute>
<Attribute name="NR DDD" id="EE381FBD-95A7-21D0-FB8F-65A260F0C929">
<createdBy>Gustavo Padlipskas</createdBy>
<createdTime>2023-03-06 18:25:11 UTC</createdTime>
<comment><![CDATA[Esta coluna irá receber o número do DDD da cidade para ser utilizado no contato telefônico. Seu conteudo é opcional.]]></comment>
<commentInRDBMS><![CDATA[Esta coluna irá receber o número do DDD da cidade para ser utilizado no contato telefônico. Seu conteudo é opcional.]]></commentInRDBMS>
<generatorID>195048FB-9931-C08C-6F87-C708729BB111</generatorID>
<ownerDesignName>SGV_Melhores_Compras</ownerDesignName>
<engineerTo>
<item key="D3EA570C-CF09-A95D-0250-B56D1592D2C8" value="true"/>
</engineerTo>
<nullsAllowed>true</nullsAllowed>
<useDomainConstraints>false</useDomainConstraints>
<use>1</use>
<logicalDatatype>LOGDT019</logicalDatatype>
<dataTypePrecision>3</dataTypePrecision>
<ownDataTypeParameters>,3,</ownDataTypeParameters>
</Attribute>
</attributes>
</Entity>